date,year,month,gdp_growth_mom,cpi_mom,cpi_yoy,policy_rate,unemployment,pmi,yield_spread_10_2,vix,credit_spread_bps,oil_change_yoy,shock_event
1985-01-01,1985,1,0.1776,0.2422,2.906,5.112,6.524,53.0,1.543,18.24,87.8,-4.59,
1985-02-01,1985,2,0.1015,0.1813,2.175,5.041,6.277,52.68,1.462,17.91,88.3,0.94,
1985-03-01,1985,3,0.0478,0.0884,1.061,4.976,6.214,52.15,1.397,16.38,72.0,-2.81,
1985-04-01,1985,4,-0.0025,0.1638,1.965,4.945,6.334,53.12,1.553,17.01,88.1,-2.44,
1985-05-01,1985,5,0.1218,0.0989,1.187,4.799,6.408,52.06,1.542,15.39,96.9,6.31,
1985-06-01,1985,6,0.1829,0.2321,2.785,4.873,6.531,53.51,1.397,15.43,77.7,-1.25,
1985-07-01,1985,7,-0.0931,0.2633,3.16,4.82,6.255,52.2,1.282,14.08,40.0,-4.25,
1985-08-01,1985,8,-0.1052,0.1887,2.264,4.786,6.388,51.95,1.357,15.88,64.7,2.2,
1985-09-01,1985,9,0.0599,0.1429,1.714,4.704,6.379,50.58,1.212,14.75,86.8,1.09,
1985-10-01,1985,10,0.2057,0.0539,0.647,4.58,6.326,50.89,1.131,12.0,84.4,7.71,
1985-11-01,1985,11,0.0205,0.17,2.04,4.557,6.102,50.12,1.022,11.97,86.3,9.24,
1985-12-01,1985,12,-0.1973,0.1215,1.458,4.385,6.004,49.4,1.02,9.71,80.3,-6.03,
1986-01-01,1986,1,-0.1659,0.2543,3.052,4.418,6.046,48.37,1.024,11.35,87.0,-0.5,
1986-02-01,1986,2,-0.1084,0.1125,1.35,4.279,6.122,49.19,1.031,14.11,87.6,-1.17,
1986-03-01,1986,3,-0.2751,0.2633,3.16,4.308,6.353,50.35,0.9,12.32,40.0,4.59,
1986-04-01,1986,4,-0.1354,0.2619,3.143,4.276,6.343,49.98,0.988,13.13,90.0,-0.62,
1986-05-01,1986,5,0.0622,0.314,3.768,4.355,6.421,51.72,1.036,13.83,104.9,-8.17,
1986-06-01,1986,6,0.239,0.2491,2.99,4.537,6.315,51.53,0.982,15.54,76.8,-3.11,
1986-07-01,1986,7,0.1089,0.3039,3.646,4.754,6.027,54.77,1.005,16.33,73.5,-0.02,
1986-08-01,1986,8,0.1215,0.1829,2.195,4.727,6.083,53.07,1.048,15.57,65.6,9.86,
1986-09-01,1986,9,-0.0399,0.0683,0.82,4.581,5.989,52.46,1.059,15.84,78.1,-3.51,
1986-10-01,1986,10,0.0626,0.0694,0.832,4.458,6.094,52.36,1.162,17.55,99.3,3.46,
1986-11-01,1986,11,0.0531,0.075,0.9,4.357,5.832,53.07,1.17,18.41,78.2,3.32,
1986-12-01,1986,12,-0.1615,-0.0305,-0.366,3.989,5.85,51.08,1.063,18.4,73.6,-7.17,
1987-01-01,1987,1,0.2028,0.0065,0.078,3.852,5.705,51.9,1.039,20.8,110.8,9.28,Black Monday
1987-02-01,1987,2,0.0658,0.0855,1.025,3.857,5.794,53.36,1.008,20.88,74.8,-0.98,Black Monday
1987-03-01,1987,3,0.178,0.2019,2.423,3.945,5.896,53.4,0.936,20.26,95.2,3.11,Black Monday
1987-04-01,1987,4,0.1529,0.2758,3.309,4.072,5.825,51.5,0.98,20.58,95.5,-0.52,Black Monday
1987-05-01,1987,5,0.0496,0.4562,5.474,4.29,5.827,50.56,0.926,21.12,108.8,-0.03,Black Monday
1987-06-01,1987,6,0.0504,0.3891,4.67,4.535,5.765,50.8,0.97,21.5,121.7,1.58,Black Monday
1987-07-01,1987,7,0.0715,0.347,4.164,4.639,5.587,49.53,1.149,18.17,129.9,-4.1,Black Monday
1987-08-01,1987,8,0.1971,0.1221,1.466,4.614,5.669,51.52,1.1,15.74,92.2,6.95,Black Monday
1987-09-01,1987,9,0.0736,0.1374,1.649,4.593,5.508,52.19,1.048,17.03,103.3,-7.87,Black Monday
1987-10-01,1987,10,-0.0432,0.222,2.664,4.62,5.524,52.64,1.023,17.77,104.8,4.78,Black Monday
1987-11-01,1987,11,-0.0346,0.1768,2.121,4.514,5.644,51.39,1.028,21.84,124.0,8.06,Black Monday
1987-12-01,1987,12,-0.1518,0.2997,3.597,4.563,5.718,52.58,0.997,21.8,98.5,4.44,Black Monday
1988-01-01,1988,1,-0.2132,0.3864,4.637,4.587,5.826,50.55,1.071,20.76,72.0,-1.93,
1988-02-01,1988,2,-0.3087,0.4442,5.331,4.662,5.876,49.44,1.225,19.88,76.4,1.37,
1988-03-01,1988,3,-0.5734,0.2915,3.497,4.55,5.958,45.29,1.288,19.54,82.1,-3.47,
1988-04-01,1988,4,-0.4755,0.3283,3.94,4.513,6.122,43.25,1.269,20.57,98.5,6.64,
1988-05-01,1988,5,-0.3614,0.3125,3.75,4.487,6.019,41.65,1.225,19.58,101.2,6.57,
1988-06-01,1988,6,-0.4101,0.3772,4.527,4.506,6.184,42.28,1.327,18.15,95.2,-9.36,
1988-07-01,1988,7,-0.1542,0.3499,4.198,4.599,5.992,42.86,1.43,17.04,90.7,0.17,
1988-08-01,1988,8,0.0284,0.3474,4.169,4.693,5.965,46.23,1.437,16.56,113.8,5.8,
1988-09-01,1988,9,0.1466,0.3579,4.294,4.911,5.974,45.74,1.433,16.08,72.5,-0.98,
1988-10-01,1988,10,-0.1088,0.1549,1.858,4.885,6.029,43.83,1.332,17.24,75.8,6.23,
1988-11-01,1988,11,0.065,0.021,0.252,4.722,5.938,44.2,1.153,15.7,70.4,1.42,
1988-12-01,1988,12,0.2119,0.0902,1.083,4.718,5.826,47.22,1.123,14.93,108.5,-11.65,
1989-01-01,1989,1,-0.1009,0.1381,1.657,4.613,5.696,46.42,1.018,16.28,98.2,8.2,
1989-02-01,1989,2,-0.3241,0.0052,0.062,4.268,5.913,46.13,1.024,16.43,79.1,-5.61,
1989-03-01,1989,3,-0.1985,0.0064,0.076,3.991,6.009,45.69,1.045,16.03,93.4,1.1,
1989-04-01,1989,4,-0.3013,0.0582,0.698,3.821,6.125,46.28,0.979,16.88,54.1,-0.6,
1989-05-01,1989,5,-0.2973,0.2164,2.597,3.778,6.244,43.98,0.946,15.33,117.1,-3.33,
1989-06-01,1989,6,-0.2417,0.2235,2.682,3.688,6.227,44.58,0.96,11.83,71.5,5.1,
1989-07-01,1989,7,-0.1172,0.3389,4.067,3.774,6.354,45.23,1.123,12.31,49.3,4.25,
1989-08-01,1989,8,-0.1662,0.281,3.372,3.766,6.523,45.03,1.268,12.06,66.1,6.6,
1989-09-01,1989,9,-0.1522,0.2613,3.136,3.753,6.472,45.89,1.111,11.7,73.7,0.33,
1989-10-01,1989,10,0.0925,0.2204,2.644,3.807,6.67,46.94,1.081,11.65,75.8,0.39,
1989-11-01,1989,11,0.2168,0.2547,3.057,4.015,6.651,49.05,1.111,13.82,63.3,12.49,
1989-12-01,1989,12,0.1074,0.2095,2.513,4.024,6.443,50.95,1.327,13.15,85.2,1.1,
1990-01-01,1990,1,0.1413,0.4683,5.619,4.413,6.329,52.19,1.357,14.11,87.6,-3.99,Gulf War / S&L crisis
1990-02-01,1990,2,0.1923,0.5993,7.191,4.829,6.256,54.11,1.151,14.3,134.3,1.5,Gulf War / S&L crisis
1990-03-01,1990,3,-0.1059,0.6011,7.214,5.198,5.996,53.14,1.098,12.66,105.2,-0.68,Gulf War / S&L crisis
1990-04-01,1990,4,-0.1936,0.5563,6.675,5.379,5.884,51.05,1.174,14.08,103.0,-5.2,Gulf War / S&L crisis
1990-05-01,1990,5,-0.3207,0.6253,7.503,5.652,5.913,46.83,1.09,14.21,90.4,-2.07,Gulf War / S&L crisis
1990-06-01,1990,6,-0.2501,0.6086,7.303,5.942,5.816,46.11,0.887,14.41,88.3,6.41,Gulf War / S&L crisis
1990-07-01,1990,7,-0.2511,0.6991,8.389,6.227,5.774,44.78,0.925,17.94,110.2,-1.87,Gulf War / S&L crisis
1990-08-01,1990,8,-0.3418,0.6741,8.09,6.571,5.986,44.57,0.943,18.66,111.4,-2.07,Gulf War / S&L crisis
1990-09-01,1990,9,-0.5171,0.7585,9.102,6.821,6.212,44.92,1.001,19.37,152.0,1.04,Gulf War / S&L crisis
1990-10-01,1990,10,-0.7031,0.7015,8.418,7.028,6.258,41.87,1.111,19.03,102.3,5.37,Gulf War / S&L crisis
1990-11-01,1990,11,-0.8052,0.5325,6.39,6.895,6.52,39.93,1.031,17.41,99.9,5.58,Gulf War / S&L crisis
1990-12-01,1990,12,-0.9098,0.4644,5.573,6.686,6.705,38.0,1.239,18.09,103.2,4.31,Gulf War / S&L crisis
1991-01-01,1991,1,-0.7939,0.3963,4.756,6.635,6.88,38.0,1.271,18.75,122.9,-2.95,Recession
1991-02-01,1991,2,-0.6823,0.4106,4.927,6.567,6.994,38.0,1.317,19.32,87.7,6.73,Recession
1991-03-01,1991,3,-0.5951,0.3993,4.792,6.446,7.135,38.29,1.126,19.84,109.8,-11.76,Recession
1991-04-01,1991,4,-0.6014,0.4663,5.595,6.442,7.314,38.0,1.009,17.01,116.4,3.52,Recession
1991-05-01,1991,5,-0.4609,0.3832,4.598,6.417,7.211,38.0,1.021,18.31,125.2,-1.2,Recession
1991-06-01,1991,6,-0.6466,0.2909,3.491,6.179,7.541,38.12,1.13,18.05,100.0,3.5,Recession
1991-07-01,1991,7,-0.7505,0.2723,3.267,5.907,7.62,38.0,1.035,18.62,104.3,-0.9,Recession
1991-08-01,1991,8,-0.887,0.2955,3.546,5.636,7.785,38.0,0.906,21.94,98.9,2.06,Recession
1991-09-01,1991,9,-0.9919,0.4196,5.036,5.478,7.929,38.0,0.889,22.13,102.6,-0.2,Recession
1991-10-01,1991,10,-1.0748,0.3378,4.053,5.213,8.176,38.0,0.979,21.65,105.8,-0.84,Recession
1991-11-01,1991,11,-1.3,0.321,3.853,4.882,8.328,38.0,0.995,19.56,89.3,7.74,Recession
1991-12-01,1991,12,-1.4704,0.3096,3.715,4.467,8.552,38.0,0.897,20.33,120.3,4.21,Recession
1992-01-01,1992,1,-1.0961,0.1549,1.858,4.092,8.775,38.0,1.082,21.14,93.4,13.17,
1992-02-01,1992,2,-0.9173,0.1278,1.533,3.786,8.795,38.0,0.901,19.42,78.3,4.75,
1992-03-01,1992,3,-0.613,0.0365,0.438,3.6,8.829,38.0,0.75,17.83,95.7,0.85,
1992-04-01,1992,4,-0.5049,0.0752,0.903,3.314,8.805,39.48,0.883,17.22,103.5,-6.3,
1992-05-01,1992,5,-0.5749,0.273,3.276,3.3,8.783,38.86,0.814,17.3,83.0,0.1,
1992-06-01,1992,6,-0.6626,0.2871,3.445,3.218,8.719,39.24,1.05,19.87,89.8,-1.33,
1992-07-01,1992,7,-0.5738,0.3136,3.763,3.196,8.862,38.0,1.015,20.34,67.3,-1.2,
1992-08-01,1992,8,-0.3987,0.4482,5.378,3.306,8.677,38.0,0.86,17.34,65.4,6.17,
1992-09-01,1992,9,-0.3857,0.4179,5.015,3.403,8.697,40.55,0.785,19.58,85.5,0.08,
1992-10-01,1992,10,-0.2678,0.4272,5.127,3.68,8.669,41.84,0.765,20.15,65.6,0.55,
1992-11-01,1992,11,0.2049,0.146,1.751,3.75,8.477,44.47,0.768,19.51,76.2,1.11,
1992-12-01,1992,12,0.101,0.3511,4.213,3.947,8.355,45.61,0.884,19.94,86.3,-5.14,
1993-01-01,1993,1,-0.027,0.498,5.976,4.201,8.284,45.61,0.997,18.17,65.6,-3.56,
1993-02-01,1993,2,-0.106,0.4991,5.989,4.462,8.067,46.13,0.883,18.66,92.4,-0.12,
1993-03-01,1993,3,-0.0494,0.6348,7.618,4.837,7.859,47.44,0.781,17.79,71.0,-3.51,
1993-04-01,1993,4,-0.0795,0.669,8.028,5.279,7.858,48.09,0.777,13.84,85.5,-11.4,
1993-05-01,1993,5,-0.3561,0.593,7.116,5.505,7.801,48.42,0.846,13.64,100.8,7.83,
1993-06-01,1993,6,-0.2258,0.4647,5.576,5.603,7.609,47.77,0.756,13.35,83.9,-9.92,
1993-07-01,1993,7,-0.3815,0.3786,4.544,5.597,7.569,46.24,0.71,11.42,72.0,-1.07,
1993-08-01,1993,8,-0.3708,0.3648,4.377,5.605,7.645,44.7,0.581,13.87,85.8,-4.77,
1993-09-01,1993,9,-0.2735,0.4482,5.378,5.782,7.645,45.65,0.502,13.98,75.0,1.71,
1993-10-01,1993,10,0.0092,0.4398,5.278,5.895,7.409,48.41,0.603,14.81,74.8,1.34,
1993-11-01,1993,11,-0.1402,0.4462,5.354,5.951,7.319,47.59,0.317,14.32,66.5,-1.05,
1993-12-01,1993,12,-0.1189,0.5898,7.078,6.214,7.297,48.17,0.473,15.1,84.2,3.56,
1994-01-01,1994,1,-0.4651,0.7483,8.98,6.566,7.369,45.0,0.647,14.04,88.0,-6.41,
1994-02-01,1994,2,-0.0614,0.5347,6.417,6.754,7.082,45.85,0.639,15.89,73.6,5.69,
1994-03-01,1994,3,-0.2058,0.4628,5.553,6.808,7.114,46.22,0.748,16.16,89.9,-4.49,
1994-04-01,1994,4,-0.1166,0.5884,7.061,6.929,7.117,47.27,0.919,17.07,81.5,2.15,
1994-05-01,1994,5,-0.2094,0.4994,5.993,6.952,7.248,47.42,0.835,17.17,97.4,4.96,
1994-06-01,1994,6,-0.3171,0.1465,1.758,6.711,7.167,47.17,0.947,18.52,106.2,6.18,
1994-07-01,1994,7,-0.0071,0.2872,3.447,6.755,7.081,46.61,1.2,18.08,98.4,-2.75,
1994-08-01,1994,8,0.1385,0.0287,0.344,6.514,6.951,48.65,1.288,15.98,89.9,6.13,
1994-09-01,1994,9,0.4697,0.1163,1.396,6.461,6.61,53.29,1.333,15.8,55.7,-4.66,
1994-10-01,1994,10,0.4939,0.1581,1.897,6.381,6.47,53.74,1.435,15.99,73.0,4.95,
1994-11-01,1994,11,0.4728,0.292,3.505,6.521,6.293,55.27,1.418,18.39,72.5,3.24,
1994-12-01,1994,12,0.2698,0.0707,0.849,6.4,6.21,55.65,1.226,18.34,84.0,-4.44,
1995-01-01,1995,1,0.0263,0.0574,0.689,6.222,6.208,53.97,1.217,19.17,62.4,0.32,
1995-02-01,1995,2,0.2233,-0.0566,-0.679,6.035,6.268,54.27,1.161,20.09,77.2,-11.77,
1995-03-01,1995,3,0.175,0.0176,0.212,5.888,6.089,54.22,1.243,19.24,57.1,6.19,
1995-04-01,1995,4,0.1167,0.1451,1.741,5.74,6.012,54.67,1.21,16.83,44.2,7.62,
1995-05-01,1995,5,0.1364,0.2647,3.177,5.828,6.005,54.3,1.238,18.7,81.2,9.51,
1995-06-01,1995,6,-0.109,0.0927,1.112,5.687,5.931,55.14,1.348,20.53,93.3,-4.61,
1995-07-01,1995,7,-0.3416,0.2515,3.018,5.502,6.17,53.27,1.305,20.36,87.0,-1.01,
1995-08-01,1995,8,-0.0765,0.3808,4.57,5.604,6.1,53.74,1.073,20.22,91.1,-4.14,
1995-09-01,1995,9,0.0811,0.3529,4.235,5.689,6.142,52.51,1.152,16.47,84.3,0.22,
1995-10-01,1995,10,-0.012,0.3699,4.439,5.779,6.219,52.71,1.182,16.68,72.9,-1.51,
1995-11-01,1995,11,0.027,0.3286,3.943,5.9,6.184,52.88,1.024,17.85,71.3,-5.21,
1995-12-01,1995,12,0.2699,0.3793,4.552,6.126,6.114,53.76,0.993,18.59,97.0,-0.34,
1996-01-01,1996,1,0.5403,0.3345,4.014,6.263,5.749,54.22,0.953,17.7,90.2,-0.14,
1996-02-01,1996,2,0.5857,0.3192,3.831,6.464,5.503,57.93,0.804,17.75,77.3,3.91,
1996-03-01,1996,3,0.4948,0.3022,3.626,6.598,5.494,59.02,1.021,17.74,80.3,-0.73,
1996-04-01,1996,4,0.5052,0.2275,2.73,6.681,5.344,60.27,1.054,17.94,81.4,7.84,
1996-05-01,1996,5,0.4928,0.4812,5.774,6.981,5.3,60.15,1.188,16.44,86.8,-1.32,
1996-06-01,1996,6,0.4867,0.4204,5.044,7.166,5.136,62.3,1.216,14.29,96.4,-4.46,
1996-07-01,1996,7,0.5252,0.4456,5.348,7.448,5.182,61.83,1.256,16.29,70.3,-3.73,
1996-08-01,1996,8,0.4033,0.445,5.34,7.576,5.132,60.28,1.36,16.86,108.7,3.34,
1996-09-01,1996,9,0.2971,0.3322,3.986,7.647,5.059,61.09,1.231,19.62,99.1,-1.02,
1996-10-01,1996,10,0.5222,0.2344,2.813,7.693,4.796,63.53,1.043,16.76,70.5,6.61,
1996-11-01,1996,11,0.5871,0.2389,2.866,7.8,4.644,64.38,1.204,16.13,68.5,2.35,
1996-12-01,1996,12,0.6101,0.2416,2.9,7.911,4.484,64.88,1.221,16.39,104.2,1.85,
1997-01-01,1997,1,0.4063,0.3192,3.83,8.025,4.49,64.86,1.049,13.88,147.1,2.19,Asian Financial Crisis
1997-02-01,1997,2,0.2755,0.404,4.849,8.216,4.599,64.43,0.955,14.36,92.2,3.17,Asian Financial Crisis
1997-03-01,1997,3,0.3338,0.5283,6.34,8.465,4.529,62.85,0.877,15.65,113.3,8.78,Asian Financial Crisis
1997-04-01,1997,4,0.0217,0.4989,5.987,8.45,4.6,60.58,0.854,15.59,128.0,-2.72,Asian Financial Crisis
1997-05-01,1997,5,-0.0688,0.6885,8.263,8.686,4.719,57.86,0.79,16.91,165.6,-1.44,Asian Financial Crisis
1997-06-01,1997,6,-0.0709,0.5768,6.922,8.661,4.701,58.51,0.871,20.52,122.8,-11.78,Asian Financial Crisis
1997-07-01,1997,7,-0.2932,0.601,7.212,8.743,4.827,55.01,0.978,20.38,132.6,0.98,Asian Financial Crisis
1997-08-01,1997,8,-0.3712,0.4945,5.934,8.668,5.16,53.47,1.082,19.84,106.4,5.48,Asian Financial Crisis
1997-09-01,1997,9,-0.2465,0.5026,6.032,8.645,5.104,52.61,1.192,19.53,116.6,6.21,Asian Financial Crisis
1997-10-01,1997,10,-0.3724,0.674,8.087,8.752,5.197,50.47,1.134,21.98,141.3,5.44,Asian Financial Crisis
1997-11-01,1997,11,-0.3556,0.6012,7.214,8.798,5.276,50.26,1.221,22.24,114.1,7.7,Asian Financial Crisis
1997-12-01,1997,12,-0.3484,0.5698,6.837,8.894,5.341,48.35,1.176,20.62,132.7,-3.81,Asian Financial Crisis
1998-01-01,1998,1,-0.4317,0.4263,5.116,8.724,5.395,46.97,1.143,21.05,155.3,-0.78,LTCM / Russia default
1998-02-01,1998,2,-0.3262,0.4425,5.309,8.635,5.525,46.16,1.149,20.46,112.6,0.08,LTCM / Russia default
1998-03-01,1998,3,-0.6231,0.5344,6.412,8.656,5.728,44.68,1.242,18.85,133.9,-2.13,LTCM / Russia default
1998-04-01,1998,4,-0.236,0.4468,5.362,8.649,5.77,46.96,1.167,21.22,129.4,2.02,LTCM / Russia default
1998-05-01,1998,5,-0.2163,0.3219,3.863,8.363,5.928,46.2,1.267,22.02,138.0,4.01,LTCM / Russia default
1998-06-01,1998,6,-0.6035,0.3402,4.082,8.102,6.205,44.73,1.3,21.76,106.3,-2.16,LTCM / Russia default
1998-07-01,1998,7,-0.833,0.2357,2.828,7.636,6.275,41.94,1.324,21.9,112.5,-4.74,LTCM / Russia default
1998-08-01,1998,8,-0.8056,0.1206,1.447,7.168,6.326,40.42,1.235,22.63,133.3,1.64,LTCM / Russia default
1998-09-01,1998,9,-0.6149,-0.1051,-1.262,6.556,6.58,39.97,1.396,25.24,124.5,-1.26,LTCM / Russia default
1998-10-01,1998,10,-0.7164,-0.1447,-1.736,5.913,6.681,38.0,1.397,27.45,134.0,-1.61,LTCM / Russia default
1998-11-01,1998,11,-0.5069,-0.0973,-1.167,5.425,6.764,38.0,1.422,26.99,109.1,-3.88,LTCM / Russia default
1998-12-01,1998,12,-0.4349,-0.0473,-0.568,5.015,6.718,39.68,1.484,23.41,140.1,-1.04,LTCM / Russia default
1999-01-01,1999,1,-0.3412,0.0926,1.111,4.878,6.86,40.48,1.298,19.11,93.2,6.71,
1999-02-01,1999,2,-0.4122,0.0749,0.899,4.6,6.857,41.59,1.29,18.15,119.9,-7.17,
1999-03-01,1999,3,-0.2682,-0.0186,-0.223,4.315,6.885,42.98,1.235,17.13,75.8,-5.4,
1999-04-01,1999,4,-0.1331,0.0322,0.386,4.16,6.848,43.72,1.329,18.34,101.2,1.86,
1999-05-01,1999,5,0.0897,0.0071,0.085,4.025,6.873,46.47,1.267,16.27,76.9,-3.42,
1999-06-01,1999,6,0.335,0.1026,1.232,4.029,6.6,48.27,1.184,15.83,96.7,-4.83,
1999-07-01,1999,7,0.6281,0.0164,0.197,4.01,6.525,53.28,1.148,16.28,86.1,0.68,
1999-08-01,1999,8,0.3394,-0.2134,-2.56,3.727,6.554,56.38,1.107,14.65,84.2,2.19,
1999-09-01,1999,9,0.3786,-0.4201,-5.041,3.484,6.501,57.0,1.024,16.18,87.4,0.46,
1999-10-01,1999,10,0.3906,-0.3605,-4.326,3.173,6.406,58.09,1.051,18.09,56.0,-3.99,
1999-11-01,1999,11,0.336,-0.3699,-4.438,2.812,6.389,58.21,0.863,16.99,80.9,0.2,
1999-12-01,1999,12,0.369,-0.2576,-3.092,2.593,6.114,58.17,0.814,16.27,90.4,2.02,
2000-01-01,2000,1,0.4372,-0.2447,-2.937,2.5,6.02,59.03,0.843,15.06,48.4,-3.03,
2000-02-01,2000,2,0.4838,-0.1869,-2.243,2.395,5.764,57.89,0.951,14.74,73.6,-3.36,
2000-03-01,2000,3,0.5994,-0.056,-0.672,2.406,5.687,59.36,0.845,14.34,68.3,-6.6,
2000-04-01,2000,4,0.6259,-0.0509,-0.611,2.509,5.519,61.37,0.606,13.14,88.5,-6.37,
2000-05-01,2000,5,0.588,-0.1635,-1.962,2.464,5.503,63.01,0.41,14.69,107.3,13.99,
2000-06-01,2000,6,0.571,-0.2599,-3.119,2.35,5.491,63.28,0.524,13.48,85.6,-12.45,
2000-07-01,2000,7,0.3428,-0.2089,-2.507,2.179,5.258,62.04,0.554,13.58,80.9,3.66,
2000-08-01,2000,8,0.2399,-0.0275,-0.33,2.118,5.391,62.14,0.513,13.36,83.1,2.99,
2000-09-01,2000,9,0.3681,-0.1379,-1.655,2.07,5.075,61.58,0.657,11.48,56.0,1.1,
2000-10-01,2000,10,0.521,-0.0684,-0.821,2.016,4.771,62.16,0.524,12.21,82.9,-2.45,
2000-11-01,2000,11,0.7151,0.0192,0.231,2.257,4.685,63.36,0.502,12.18,90.2,-3.25,
2000-12-01,2000,12,0.8666,-0.0372,-0.447,2.432,4.443,64.77,0.719,11.95,75.4,-3.32,
2001-01-01,2001,1,0.6177,-0.0392,-0.47,2.454,4.268,65.0,0.85,13.52,116.9,-1.8,Dot-com bust / 9-11
2001-02-01,2001,2,0.3247,-0.1227,-1.472,2.291,4.162,64.73,0.822,14.3,110.5,6.22,Dot-com bust / 9-11
2001-03-01,2001,3,0.0118,-0.0765,-0.918,2.157,4.232,62.29,0.846,16.68,115.6,8.72,Dot-com bust / 9-11
2001-04-01,2001,4,-0.1083,-0.234,-2.808,1.888,4.367,59.52,0.835,14.33,86.8,8.24,Dot-com bust / 9-11
2001-05-01,2001,5,-0.3049,-0.1056,-1.267,1.577,4.411,56.97,0.841,16.32,115.8,-1.04,Dot-com bust / 9-11
2001-06-01,2001,6,-0.4862,-0.2086,-2.503,1.285,4.768,52.31,0.747,16.68,121.1,-0.91,Dot-com bust / 9-11
2001-07-01,2001,7,-0.4633,-0.1848,-2.217,0.96,5.185,49.2,0.936,19.68,123.6,-9.63,Dot-com bust / 9-11
2001-08-01,2001,8,-0.5142,-0.2103,-2.524,0.619,5.248,47.75,1.041,21.81,110.3,-5.3,Dot-com bust / 9-11
2001-09-01,2001,9,-0.5093,-0.0057,-0.069,0.484,5.459,45.62,0.987,22.86,114.4,2.02,Dot-com bust / 9-11
2001-10-01,2001,10,-0.4818,0.0334,0.401,0.423,5.52,43.37,0.984,22.73,108.2,1.21,Dot-com bust / 9-11
2001-11-01,2001,11,-0.3983,0.1519,1.823,0.54,5.507,41.74,0.956,22.77,112.4,-2.76,Dot-com bust / 9-11
2001-12-01,2001,12,-0.5092,0.1857,2.229,0.511,5.894,41.07,1.066,21.82,124.6,0.5,Dot-com bust / 9-11
2002-01-01,2002,1,-0.371,0.1557,1.868,0.642,5.836,42.15,1.071,20.11,137.3,9.24,Corporate scandals
2002-02-01,2002,2,-0.6931,0.1667,2.001,0.637,6.072,41.97,1.195,20.58,142.2,4.68,Corporate scandals
2002-03-01,2002,3,-0.7085,0.1035,1.243,0.598,6.176,39.82,1.151,21.11,105.1,-6.58,Corporate scandals
2002-04-01,2002,4,-0.4946,0.0627,0.753,0.627,6.321,40.85,1.199,23.01,116.6,1.18,Corporate scandals
2002-05-01,2002,5,-0.3231,0.3159,3.791,0.82,6.457,41.26,1.23,22.71,75.6,-1.0,Corporate scandals
2002-06-01,2002,6,-0.1913,0.2135,2.562,1.009,6.485,42.06,1.298,23.42,114.3,5.08,Corporate scandals
2002-07-01,2002,7,-0.1988,0.0355,0.426,0.962,6.315,43.51,1.357,24.41,115.3,4.84,Corporate scandals
2002-08-01,2002,8,-0.4722,0.0326,0.391,0.781,6.38,44.27,1.431,24.83,105.3,-4.97,Corporate scandals
2002-09-01,2002,9,-0.44,0.1518,1.821,0.817,6.309,43.52,1.197,25.4,97.6,-6.12,Corporate scandals
2002-10-01,2002,10,-0.3179,0.2016,2.419,0.924,6.583,44.06,1.112,25.46,103.7,6.33,Corporate scandals
2002-11-01,2002,11,-0.2948,0.2274,2.729,0.972,6.624,43.92,0.999,24.4,114.5,-0.02,Corporate scandals
2002-12-01,2002,12,-0.529,0.1849,2.219,0.958,6.745,42.77,0.958,23.15,109.0,4.81,Corporate scandals
2003-01-01,2003,1,-0.4079,0.3254,3.905,1.187,6.955,43.75,1.118,20.2,89.7,6.09,
2003-02-01,2003,2,-0.1368,0.2297,2.756,1.376,6.931,46.36,0.968,18.27,52.8,0.72,
2003-03-01,2003,3,0.2233,0.2181,2.617,1.626,6.848,48.29,1.008,18.36,67.3,-0.47,
2003-04-01,2003,4,0.3011,0.3052,3.662,2.024,6.723,50.69,1.082,16.97,70.5,-0.62,
2003-05-01,2003,5,0.0646,0.3296,3.956,2.342,6.572,51.51,1.011,15.15,110.8,-5.01,
2003-06-01,2003,6,-0.1369,0.332,3.984,2.546,6.626,52.73,0.932,14.26,104.1,4.7,
2003-07-01,2003,7,0.0036,0.2535,3.042,2.754,6.649,52.59,0.88,14.53,104.7,-5.47,
2003-08-01,2003,8,-0.1169,0.1807,2.169,2.773,6.625,52.64,0.938,14.69,84.2,3.12,
2003-09-01,2003,9,-0.3516,0.2866,3.439,2.796,6.63,50.9,0.937,15.47,82.1,-1.45,
2003-10-01,2003,10,-0.0696,0.3434,4.121,3.009,6.664,49.87,1.161,13.77,81.7,-1.43,
2003-11-01,2003,11,-0.1078,0.2772,3.326,3.087,6.757,48.35,1.243,14.92,74.3,2.66,
2003-12-01,2003,12,-0.1153,0.1542,1.851,3.033,6.794,48.91,1.243,14.35,77.1,-1.63,
2004-01-01,2004,1,-0.3601,0.1622,1.947,2.995,6.844,49.29,1.118,13.45,82.0,1.22,
2004-02-01,2004,2,-0.5912,0.2234,2.681,2.931,6.742,46.56,1.026,13.01,59.9,2.08,
2004-03-01,2004,3,-0.2383,0.2435,2.922,2.875,6.78,46.06,0.913,13.84,93.2,-3.34,
2004-04-01,2004,4,-0.4491,0.0335,0.402,2.643,6.835,44.29,0.853,14.86,86.9,1.0,
2004-05-01,2004,5,-0.2593,-0.0157,-0.189,2.414,6.794,43.74,0.663,14.06,96.6,4.0,
2004-06-01,2004,6,-0.1416,0.0197,0.237,2.391,6.666,43.52,0.809,14.25,69.9,2.76,
2004-07-01,2004,7,-0.1861,-0.046,-0.552,2.181,6.696,44.29,0.98,13.92,75.4,7.2,
2004-08-01,2004,8,-0.0104,-0.0056,-0.067,2.036,6.558,44.53,0.985,13.32,104.0,-7.86,
2004-09-01,2004,9,-0.183,0.04,0.479,1.991,6.301,43.17,0.96,15.61,108.3,-2.07,
2004-10-01,2004,10,-0.1812,-0.0281,-0.338,1.894,6.468,45.09,0.962,14.26,80.1,6.9,
2004-11-01,2004,11,-0.2141,-0.1859,-2.231,1.6,6.456,43.38,0.989,15.13,107.9,-6.66,
2004-12-01,2004,12,-0.0724,-0.0465,-0.558,1.532,6.329,43.48,0.999,15.25,71.6,6.46,
2005-01-01,2005,1,-0.1216,-0.2099,-2.519,1.269,6.372,44.71,1.033,17.45,63.3,-2.12,
2005-02-01,2005,2,0.1284,-0.361,-4.333,0.966,6.413,47.83,1.096,18.11,64.4,6.87,
2005-03-01,2005,3,-0.0709,-0.4114,-4.936,0.596,6.339,48.31,1.129,20.31,86.5,-3.09,
2005-04-01,2005,4,0.0412,-0.4248,-5.097,0.292,6.292,49.46,0.938,16.14,57.5,8.73,
2005-05-01,2005,5,-0.1372,-0.2802,-3.362,0.002,6.269,49.04,1.109,16.84,85.8,6.48,
2005-06-01,2005,6,-0.2116,-0.1193,-1.432,0.0,6.383,48.22,1.054,15.26,67.9,-4.59,
2005-07-01,2005,7,-0.1248,-0.1074,-1.289,0.0,6.425,47.09,0.94,14.88,68.4,-4.4,
2005-08-01,2005,8,0.1483,-0.2275,-2.73,0.0,6.363,49.6,1.033,15.82,104.9,-5.41,
2005-09-01,2005,9,0.1026,-0.2651,-3.181,0.0,6.223,52.26,1.012,18.68,111.3,14.98,
2005-10-01,2005,10,0.373,0.023,0.276,0.199,6.098,54.17,1.011,18.35,91.3,-2.33,
2005-11-01,2005,11,0.1104,0.077,0.924,0.307,5.976,53.95,0.973,19.51,77.5,5.8,
2005-12-01,2005,12,0.1247,0.0793,0.951,0.458,5.786,54.32,1.06,20.32,59.7,-7.59,
2006-01-01,2006,1,0.0255,0.2286,2.744,0.71,5.686,52.33,0.936,18.4,94.0,5.06,
2006-02-01,2006,2,-0.1358,0.2969,3.563,0.983,5.6,51.3,0.926,18.13,54.3,0.66,
2006-03-01,2006,3,-0.02,0.4396,5.276,1.34,5.546,50.93,0.913,17.81,89.1,-5.63,
2006-04-01,2006,4,0.0425,0.3331,3.997,1.629,5.702,49.76,0.844,15.47,82.3,5.24,
2006-05-01,2006,5,0.0616,0.3018,3.622,1.954,5.706,51.14,0.881,11.09,78.8,-5.39,
2006-06-01,2006,6,-0.072,0.4335,5.202,2.256,5.907,49.34,0.734,12.82,74.9,1.54,
2006-07-01,2006,7,-0.0781,0.3876,4.651,2.503,5.928,49.92,0.872,12.84,74.1,-2.61,
2006-08-01,2006,8,0.1541,0.4305,5.166,2.767,5.666,50.08,0.858,13.12,87.7,-0.88,
2006-09-01,2006,9,0.3406,0.4765,5.718,3.213,5.67,50.32,0.814,13.6,89.0,-8.58,
2006-10-01,2006,10,0.2504,0.4797,5.757,3.633,5.705,52.47,0.776,14.83,77.0,0.73,
2006-11-01,2006,11,0.3321,0.438,5.256,4.014,5.691,54.55,0.872,18.35,90.5,-2.31,
2006-12-01,2006,12,0.3591,0.4528,5.433,4.409,5.724,53.95,0.986,20.62,88.5,2.96,
2007-01-01,2007,1,0.269,0.4195,5.033,4.731,5.695,55.42,1.0,21.12,91.8,-5.12,
2007-02-01,2007,2,0.3535,0.5754,6.905,5.167,5.729,55.39,0.947,19.24,100.7,8.2,
2007-03-01,2007,3,0.2856,0.6438,7.726,5.707,5.629,56.07,0.976,17.34,81.7,10.71,
2007-04-01,2007,4,0.1677,0.6724,8.068,6.153,5.556,56.12,1.104,17.82,90.6,8.0,
2007-05-01,2007,5,0.0991,0.5074,6.089,6.47,5.537,56.48,0.967,17.98,63.5,0.32,
2007-06-01,2007,6,-0.0129,0.3791,4.55,6.519,5.309,54.16,0.999,18.06,63.9,2.74,
2007-07-01,2007,7,-0.1427,0.4262,5.115,6.578,5.329,52.72,1.205,16.46,83.4,3.91,
2007-08-01,2007,8,-0.2657,0.2361,2.833,6.402,5.493,50.71,1.111,17.61,67.9,-0.44,
2007-09-01,2007,9,-0.4529,0.2602,3.122,6.241,5.709,47.36,1.031,15.3,76.3,7.41,
2007-10-01,2007,10,-0.4331,0.1128,1.353,5.917,5.668,44.62,1.045,13.08,84.7,0.13,
2007-11-01,2007,11,-0.4478,0.1424,1.709,5.618,5.878,42.96,0.952,12.61,90.3,2.72,
2007-12-01,2007,12,-0.7739,0.1711,2.054,5.222,6.057,40.59,0.871,13.72,90.8,-3.87,
2008-01-01,2008,1,-1.1543,0.2924,3.509,4.85,6.328,38.25,0.734,17.0,191.1,10.03,Global Financial Crisis
2008-02-01,2008,2,-1.4368,0.3547,4.257,4.494,6.718,38.0,0.672,21.79,204.1,4.26,Global Financial Crisis
2008-03-01,2008,3,-1.6455,0.4819,5.783,4.249,7.297,38.0,0.705,23.68,192.3,1.19,Global Financial Crisis
2008-04-01,2008,4,-1.6508,0.501,6.012,4.049,7.72,38.0,0.564,24.59,179.5,0.16,Global Financial Crisis
2008-05-01,2008,5,-1.9133,0.5367,6.44,3.746,8.143,38.0,0.683,27.47,202.3,-1.51,Global Financial Crisis
2008-06-01,2008,6,-2.307,0.5718,6.862,3.393,8.728,38.0,0.748,31.1,191.5,-3.05,Global Financial Crisis
2008-07-01,2008,7,-2.1802,0.6652,7.983,3.205,9.405,38.0,0.754,31.25,219.9,1.03,Global Financial Crisis
2008-08-01,2008,8,-2.2245,0.7984,9.581,3.19,9.932,38.0,0.823,33.25,189.0,9.05,Global Financial Crisis
2008-09-01,2008,9,-2.4509,0.879,10.548,3.07,10.436,38.0,0.855,34.62,185.7,-0.15,Global Financial Crisis
2008-10-01,2008,10,-2.2492,0.7877,9.452,2.958,10.95,38.0,0.884,36.81,188.1,-2.6,Global Financial Crisis
2008-11-01,2008,11,-2.3832,0.8037,9.645,2.935,11.222,38.0,0.759,39.24,190.8,-1.63,Global Financial Crisis
2008-12-01,2008,12,-2.6429,0.8264,9.917,2.833,11.754,38.0,0.627,38.71,202.2,-4.96,Global Financial Crisis
2009-01-01,2009,1,-2.4399,0.7528,9.034,2.66,12.0,38.0,0.779,41.21,163.6,3.85,GFC trough
2009-02-01,2009,2,-2.1699,0.5025,6.03,2.35,12.0,38.0,0.765,39.98,192.6,-9.48,GFC trough
2009-03-01,2009,3,-2.2821,0.4463,5.355,2.027,12.0,38.0,0.922,39.16,164.9,4.37,GFC trough
2009-04-01,2009,4,-1.973,0.2412,2.894,1.603,12.0,38.0,0.755,39.2,165.3,-6.35,GFC trough
2009-05-01,2009,5,-2.2279,0.2683,3.22,1.104,12.0,38.0,0.795,39.02,185.7,0.69,GFC trough
2009-06-01,2009,6,-2.2994,0.0883,1.059,0.483,12.0,38.0,0.926,38.93,167.8,-10.91,GFC trough
2009-07-01,2009,7,-2.3615,-0.1197,-1.437,0.05,12.0,38.0,1.119,39.06,208.6,3.58,GFC trough
2009-08-01,2009,8,-2.1361,-0.2042,-2.45,0.05,12.0,38.0,1.044,36.95,186.3,-5.03,GFC trough
2009-09-01,2009,9,-2.3374,-0.3548,-4.258,0.05,12.0,38.0,1.1,37.52,170.1,-6.52,GFC trough
2009-10-01,2009,10,-2.3648,-0.3096,-3.715,0.05,12.0,38.0,1.263,36.42,202.3,-1.3,GFC trough
2009-11-01,2009,11,-2.1487,-0.2645,-3.174,0.05,12.0,38.0,1.058,37.52,211.0,-1.29,GFC trough
2009-12-01,2009,12,-1.99,-0.1473,-1.767,0.05,12.0,38.0,1.106,38.46,186.9,2.14,GFC trough
2010-01-01,2010,1,-1.6992,-0.2685,-3.222,0.05,12.0,38.0,1.171,33.23,70.9,10.61,
2010-02-01,2010,2,-1.4562,-0.3379,-4.055,0.05,12.0,38.0,1.206,29.12,84.8,-4.06,
2010-03-01,2010,3,-1.1317,-0.2586,-3.103,0.05,12.0,38.0,1.327,27.59,91.3,-3.55,
2010-04-01,2010,4,-1.0805,-0.2097,-2.517,0.05,12.0,38.0,1.172,24.46,94.5,-0.84,
2010-05-01,2010,5,-0.9515,-0.0581,-0.698,0.05,11.737,38.0,1.179,22.67,56.6,5.08,
2010-06-01,2010,6,-0.7842,0.0081,0.098,0.05,11.531,38.0,1.252,23.23,90.8,2.57,
2010-07-01,2010,7,-0.9272,0.0261,0.313,0.05,11.635,38.0,1.132,21.93,83.7,4.5,
2010-08-01,2010,8,-1.0395,-0.1776,-2.131,0.05,11.387,38.0,1.178,22.74,70.7,0.81,
2010-09-01,2010,9,-0.7858,-0.2535,-3.042,0.05,11.356,38.0,1.174,21.37,91.7,-1.8,
2010-10-01,2010,10,-0.6339,-0.2648,-3.177,0.05,11.271,38.0,1.237,21.3,68.5,1.07,
2010-11-01,2010,11,-0.6543,-0.373,-4.476,0.05,11.173,38.0,1.228,21.72,65.3,-1.88,
2010-12-01,2010,12,-0.3095,-0.5,-6.0,0.05,10.875,38.86,1.162,21.62,83.8,-6.53,
2011-01-01,2011,1,-0.3929,-0.3529,-4.235,0.05,10.968,40.02,1.044,21.2,106.7,-2.6,Euro debt crisis
2011-02-01,2011,2,-0.3051,-0.4507,-5.408,0.05,10.738,40.58,1.186,19.1,108.1,3.97,Euro debt crisis
2011-03-01,2011,3,-0.2755,-0.4709,-5.651,0.05,10.538,40.76,1.137,18.63,86.1,0.82,Euro debt crisis
2011-04-01,2011,4,-0.3654,-0.2603,-3.123,0.05,10.558,40.77,1.043,16.6,136.9,3.31,Euro debt crisis
2011-05-01,2011,5,-0.4561,0.0273,0.328,0.053,10.307,39.78,1.025,15.48,102.6,3.56,Euro debt crisis
2011-06-01,2011,6,-0.6354,0.1404,1.685,0.095,10.297,38.77,0.956,17.37,86.3,1.21,Euro debt crisis
2011-07-01,2011,7,-0.5779,0.3232,3.878,0.228,10.181,38.0,1.004,17.1,91.1,-3.83,Euro debt crisis
2011-08-01,2011,8,-0.4523,0.2612,3.134,0.316,10.172,38.17,1.099,16.97,104.0,0.78,Euro debt crisis
2011-09-01,2011,9,-0.218,0.4475,5.37,0.745,9.941,38.66,1.165,19.46,121.4,0.07,Euro debt crisis
2011-10-01,2011,10,-0.1178,0.5554,6.665,1.229,9.774,40.64,1.07,18.48,93.5,-8.0,Euro debt crisis
2011-11-01,2011,11,-0.1204,0.5718,6.861,1.735,9.722,43.43,1.205,17.54,82.5,4.65,Euro debt crisis
2011-12-01,2011,12,0.0633,0.7458,8.95,2.412,9.292,45.63,1.24,19.76,125.4,4.55,Euro debt crisis
2012-01-01,2012,1,-0.0343,0.5738,6.886,2.875,9.034,48.01,1.045,19.89,84.8,-1.03,
2012-02-01,2012,2,-0.1679,0.3192,3.83,2.991,8.856,48.88,0.963,19.84,60.6,2.4,
2012-03-01,2012,3,-0.4784,0.5108,6.13,3.201,8.552,46.19,0.879,18.13,74.5,-3.31,
2012-04-01,2012,4,-0.5291,0.354,4.248,3.292,8.679,44.25,0.889,15.97,81.1,1.15,
2012-05-01,2012,5,-0.4826,0.3716,4.459,3.382,8.559,44.38,0.879,18.34,86.3,9.85,
2012-06-01,2012,6,-0.2339,0.3701,4.441,3.49,8.406,45.07,0.906,16.95,92.5,0.19,
2012-07-01,2012,7,-0.073,0.2485,2.982,3.617,8.333,47.09,1.013,16.53,77.5,8.92,
2012-08-01,2012,8,-0.1056,0.314,3.767,3.718,8.037,46.12,1.052,17.36,86.1,5.73,
2012-09-01,2012,9,-0.0311,0.2192,2.63,3.8,7.936,46.36,1.094,17.12,70.9,-0.89,
2012-10-01,2012,10,0.1856,0.3513,4.216,4.041,7.764,46.78,1.257,18.36,91.3,-11.37,
2012-11-01,2012,11,0.1639,0.3169,3.802,4.258,7.557,48.21,1.293,16.69,71.4,0.97,
2012-12-01,2012,12,0.3401,0.3801,4.561,4.593,7.358,51.97,1.09,19.47,112.3,2.28,
2013-01-01,2013,1,0.4139,0.3511,4.213,4.843,7.08,53.79,1.136,19.43,109.8,0.5,
2013-02-01,2013,2,0.1285,0.4938,5.925,5.072,6.907,54.15,1.164,16.6,68.8,-7.4,
2013-03-01,2013,3,0.2025,0.5733,6.879,5.384,6.875,55.46,1.082,13.39,63.9,-2.98,
2013-04-01,2013,4,0.4034,0.513,6.157,5.698,6.7,55.29,1.125,12.16,67.5,1.88,
2013-05-01,2013,5,0.6054,0.6917,8.3,6.215,6.399,57.98,1.23,9.34,81.3,-2.44,
2013-06-01,2013,6,0.226,0.4953,5.944,6.439,6.292,58.72,1.242,11.61,80.4,-3.52,
2013-07-01,2013,7,0.1645,0.5259,6.31,6.742,6.188,57.07,1.251,12.84,98.5,-3.39,
2013-08-01,2013,8,0.0397,0.5588,6.705,6.949,6.097,57.31,1.089,16.25,70.8,4.33,
2013-09-01,2013,9,0.0174,0.5393,6.471,7.129,6.148,55.79,1.023,18.78,80.4,-3.38,
2013-10-01,2013,10,-0.2088,0.6815,8.178,7.346,6.384,54.18,1.035,18.47,113.2,-10.96,
2013-11-01,2013,11,-0.1453,0.5936,7.123,7.508,6.398,52.55,1.05,17.91,60.3,1.91,
2013-12-01,2013,12,-0.0161,0.4886,5.863,7.711,6.492,53.01,1.128,17.52,97.1,7.85,
2014-01-01,2014,1,0.1075,0.3933,4.72,7.76,6.467,53.98,1.108,16.29,103.8,-5.36,
2014-02-01,2014,2,-0.0498,0.2338,2.806,7.57,6.559,54.42,1.09,16.84,79.8,-5.96,
2014-03-01,2014,3,0.2904,0.3636,4.363,7.674,6.333,54.96,1.011,16.71,84.6,-1.71,
2014-04-01,2014,4,0.0287,0.5536,6.643,7.859,6.328,53.89,0.854,16.33,75.2,3.55,
2014-05-01,2014,5,0.1603,0.5841,7.009,8.139,6.419,54.5,0.979,16.87,51.5,-0.77,
2014-06-01,2014,6,0.0061,0.5575,6.69,8.246,6.432,54.81,1.101,19.02,54.9,-6.0,
2014-07-01,2014,7,0.4443,0.612,7.344,8.579,6.255,56.22,0.898,17.26,78.3,-3.58,
2014-08-01,2014,8,0.2899,0.8148,9.778,9.008,6.158,56.86,0.967,16.2,98.7,2.22,
2014-09-01,2014,9,0.0534,0.7267,8.72,9.269,6.088,56.47,1.034,16.8,85.1,0.43,
2014-10-01,2014,10,-0.2773,0.7377,8.852,9.46,6.043,54.27,1.095,18.29,87.7,1.61,
2014-11-01,2014,11,-0.0937,0.6389,7.667,9.605,5.982,54.26,0.925,19.02,80.3,4.83,
2014-12-01,2014,12,-0.1967,0.5916,7.099,9.651,6.06,51.57,0.996,15.65,70.0,-7.81,
2015-01-01,2015,1,-0.068,0.5394,6.472,9.706,6.2,50.8,1.057,16.13,94.7,6.53,China slowdown
2015-02-01,2015,2,0.2295,0.4102,4.923,9.751,6.128,52.32,1.076,15.94,42.2,7.67,China slowdown
2015-03-01,2015,3,0.0659,0.3156,3.787,9.606,5.998,52.63,1.064,15.2,98.2,-0.17,China slowdown
2015-04-01,2015,4,0.1702,0.1224,1.469,9.297,5.995,52.51,0.967,14.77,94.5,-0.49,China slowdown
2015-05-01,2015,5,0.0881,-0.0164,-0.197,8.932,6.076,50.74,0.815,16.79,119.5,-10.65,China slowdown
2015-06-01,2015,6,0.1722,0.1281,1.537,8.659,6.154,51.48,0.865,15.92,111.0,4.17,China slowdown
2015-07-01,2015,7,0.3801,0.2355,2.826,8.602,6.318,54.63,0.933,14.77,73.0,-7.23,China slowdown
2015-08-01,2015,8,0.158,0.3237,3.885,8.585,6.168,54.56,0.914,16.48,82.8,1.75,China slowdown
2015-09-01,2015,9,0.1543,0.1787,2.145,8.492,6.059,53.63,1.008,16.82,102.1,-5.92,China slowdown
2015-10-01,2015,10,0.2281,0.3532,4.239,8.441,5.998,53.46,1.276,18.89,100.2,-6.14,China slowdown
2015-11-01,2015,11,0.0209,0.3642,4.371,8.335,5.834,53.08,1.262,19.35,89.4,4.6,China slowdown
2015-12-01,2015,12,-0.1365,0.3619,4.343,8.264,5.918,53.16,1.19,18.19,70.7,-10.1,China slowdown
2016-01-01,2016,1,-0.1424,0.3281,3.938,8.099,5.853,53.54,1.258,15.82,73.4,2.03,
2016-02-01,2016,2,-0.215,0.2283,2.739,7.868,6.009,53.14,1.159,16.39,79.9,-5.04,
2016-03-01,2016,3,-0.2273,0.0949,1.138,7.6,6.207,51.16,1.078,17.76,98.2,-5.57,
2016-04-01,2016,4,-0.2154,0.098,1.176,7.255,6.275,49.35,1.016,17.19,57.7,-10.28,
2016-05-01,2016,5,-0.0454,0.0326,0.391,7.064,6.447,48.95,1.249,18.27,70.3,-12.91,
2016-06-01,2016,6,0.0647,0.0522,0.627,6.849,6.357,48.54,1.181,18.84,74.7,-1.8,
2016-07-01,2016,7,-0.1729,0.0755,0.906,6.517,6.458,47.43,1.133,21.51,75.4,-2.2,
2016-08-01,2016,8,-0.0592,-0.0917,-1.101,6.204,6.527,48.37,0.782,20.14,60.9,5.62,
2016-09-01,2016,9,0.1076,-0.0215,-0.258,5.896,6.593,49.18,0.985,19.77,87.6,-2.3,
2016-10-01,2016,10,0.3025,0.0623,0.748,5.87,6.465,51.01,1.046,21.22,95.3,0.69,
2016-11-01,2016,11,-0.0215,0.1563,1.875,5.689,6.427,50.78,0.899,20.85,112.3,-1.56,
2016-12-01,2016,12,0.0966,0.3935,4.722,5.881,6.287,51.55,0.958,22.12,98.2,-13.85,
2017-01-01,2017,1,-0.0463,0.3597,4.316,5.896,5.892,50.48,0.961,20.26,65.0,0.21,
2017-02-01,2017,2,0.0121,0.2901,3.481,5.984,5.874,49.77,0.853,19.15,96.7,-4.12,
2017-03-01,2017,3,0.0997,0.2851,3.421,6.121,5.865,49.82,0.941,19.69,74.0,-5.82,
2017-04-01,2017,4,0.1651,0.2776,3.332,6.089,5.822,50.24,0.795,18.46,99.2,6.04,
2017-05-01,2017,5,0.2824,0.2916,3.5,6.211,5.731,50.7,0.725,17.03,101.0,5.38,
2017-06-01,2017,6,0.078,0.2824,3.389,6.208,5.681,50.62,0.893,16.69,83.2,1.12,
2017-07-01,2017,7,-0.0878,0.2798,3.357,6.226,5.845,49.11,0.752,16.53,96.6,1.8,
2017-08-01,2017,8,0.0274,0.1306,1.567,6.062,5.6,49.48,0.561,18.3,103.3,0.7,
2017-09-01,2017,9,-0.2036,0.1729,2.074,5.997,5.704,49.95,0.556,16.5,78.9,-9.63,
2017-10-01,2017,10,0.1665,0.1865,2.238,6.008,5.598,49.45,0.743,14.59,85.2,2.22,
2017-11-01,2017,11,0.1527,0.106,1.273,5.891,5.452,51.33,0.826,14.62,71.5,10.54,
2017-12-01,2017,12,-0.0655,-0.0407,-0.489,5.586,5.448,52.04,0.908,14.72,87.5,2.41,
2018-01-01,2018,1,0.2598,0.0099,0.119,5.41,5.393,50.51,0.914,16.4,89.0,1.49,
2018-02-01,2018,2,0.3182,0.1394,1.673,5.481,5.347,51.88,0.691,17.66,87.7,0.76,
2018-03-01,2018,3,0.1673,0.2396,2.875,5.51,5.301,52.49,0.767,15.54,88.4,-3.6,
2018-04-01,2018,4,0.0393,0.3198,3.837,5.535,5.388,52.49,0.625,17.5,84.7,1.97,
2018-05-01,2018,5,0.1845,0.4517,5.421,5.78,5.4,53.48,0.629,14.75,83.2,6.89,
2018-06-01,2018,6,0.2443,0.3112,3.734,5.949,5.301,52.12,0.768,13.37,106.7,5.74,
2018-07-01,2018,7,0.1735,0.3402,4.082,6.181,5.359,53.0,1.08,13.79,88.7,-4.68,
2018-08-01,2018,8,-0.1037,0.291,3.492,6.155,5.43,50.66,1.138,12.73,89.1,4.67,
2018-09-01,2018,9,-0.1475,0.1801,2.161,6.092,5.565,50.14,1.271,13.19,70.7,-5.01,
2018-10-01,2018,10,-0.1415,0.256,3.072,6.095,5.606,50.82,1.222,12.29,60.4,-2.53,
2018-11-01,2018,11,-0.3106,0.4467,5.36,6.171,5.685,51.02,1.07,12.49,110.0,-0.72,
2018-12-01,2018,12,0.103,0.492,5.904,6.451,5.778,51.54,1.014,12.7,65.2,-0.33,
2019-01-01,2019,1,0.0869,0.6223,7.468,6.795,5.974,49.7,0.841,12.51,102.4,-0.55,
2019-02-01,2019,2,-0.1463,0.5435,6.522,6.89,5.855,51.23,0.772,13.14,78.6,-1.26,
2019-03-01,2019,3,-0.2505,0.4676,5.612,6.958,6.054,50.88,0.623,14.9,87.1,-3.12,
2019-04-01,2019,4,-0.1856,0.4891,5.87,7.047,6.13,49.11,0.81,12.02,88.7,1.83,
2019-05-01,2019,5,-0.0613,0.38,4.56,7.127,6.106,48.0,0.669,12.66,56.1,9.0,
2019-06-01,2019,6,0.1052,0.5375,6.45,7.422,6.009,48.25,0.385,12.4,106.5,-4.14,
2019-07-01,2019,7,0.058,0.4379,5.255,7.531,6.095,47.55,0.261,15.02,91.0,-1.3,
2019-08-01,2019,8,0.3053,0.2693,3.231,7.585,5.967,50.38,0.046,14.63,91.1,-0.32,
2019-09-01,2019,9,0.4478,0.3795,4.555,7.684,5.892,51.75,0.097,15.67,67.5,3.93,
2019-10-01,2019,10,0.3048,0.2963,3.556,7.743,5.697,52.24,0.242,15.73,58.2,4.28,
2019-11-01,2019,11,0.1981,0.1409,1.69,7.467,5.718,52.12,0.143,16.58,92.1,-3.94,
2019-12-01,2019,12,0.3053,0.3499,4.198,7.617,5.735,53.74,0.134,16.26,86.6,-6.29,
2020-01-01,2020,1,-0.2726,0.1438,1.726,7.346,5.813,51.17,0.303,17.86,181.7,-16.1,COVID-19
2020-02-01,2020,2,-0.509,0.0257,0.309,6.911,5.872,48.4,0.387,21.63,196.8,-18.63,COVID-19
2020-03-01,2020,3,-1.0111,0.0402,0.482,6.376,6.226,43.14,0.54,22.02,185.5,-21.38,COVID-19
2020-04-01,2020,4,-1.4655,-0.015,-0.179,5.665,6.447,38.0,0.411,27.39,195.2,-19.37,COVID-19
2020-05-01,2020,5,-1.6275,0.026,0.312,5.016,6.731,38.0,0.595,28.79,190.2,-15.51,COVID-19
2020-06-01,2020,6,-1.9866,0.0535,0.642,4.327,7.338,38.0,0.828,31.59,186.1,10.91,COVID-19
2020-07-01,2020,7,-2.2697,-0.1214,-1.456,3.349,7.852,38.0,0.925,32.41,191.9,0.29,COVID-19
2020-08-01,2020,8,-2.6928,-0.2796,-3.355,2.153,8.458,38.0,1.073,33.05,172.2,-3.97,COVID-19
2020-09-01,2020,9,-2.449,-0.1141,-1.369,1.288,8.888,38.0,1.104,33.74,183.4,-1.81,COVID-19
2020-10-01,2020,10,-2.5942,-0.2361,-2.834,0.351,9.585,38.0,1.129,34.87,227.1,4.36,COVID-19
2020-11-01,2020,11,-2.4966,-0.2253,-2.703,0.05,10.268,38.0,1.033,35.93,204.6,-10.48,COVID-19
2020-12-01,2020,12,-2.6771,-0.1832,-2.199,0.05,10.656,38.0,1.079,36.96,215.7,0.41,COVID-19
2021-01-01,2021,1,-2.0398,-0.0632,-0.759,0.05,11.081,38.0,1.097,34.73,107.1,0.38,COVID recovery / stimulus
2021-02-01,2021,2,-1.237,0.1004,1.205,0.05,11.125,38.0,0.986,31.52,60.1,2.97,COVID recovery / stimulus
2021-03-01,2021,3,-0.5728,0.4082,4.898,0.334,11.1,38.44,1.049,30.3,78.2,-1.0,COVID recovery / stimulus
2021-04-01,2021,4,-0.1847,0.5544,6.652,0.732,10.752,40.26,1.135,28.26,129.5,-4.6,COVID recovery / stimulus
2021-05-01,2021,5,0.2014,0.8457,10.148,1.62,10.494,44.48,1.127,29.01,107.2,-4.26,COVID recovery / stimulus
2021-06-01,2021,6,0.5111,0.8182,9.818,2.555,10.113,49.69,1.103,24.36,127.6,0.66,COVID recovery / stimulus
2021-07-01,2021,7,0.5761,1.0633,12.76,3.709,9.69,52.73,1.117,21.53,77.6,8.91,COVID recovery / stimulus
2021-08-01,2021,8,0.7615,1.0807,12.968,4.752,9.359,54.22,1.13,24.49,118.5,2.87,COVID recovery / stimulus
2021-09-01,2021,9,1.1364,1.3104,15.725,6.078,8.918,61.05,0.991,24.17,93.4,0.52,COVID recovery / stimulus
2021-10-01,2021,10,1.2598,1.4051,16.861,7.483,8.481,65.0,0.974,21.77,80.9,1.31,COVID recovery / stimulus
2021-11-01,2021,11,1.2566,1.5,18.0,8.907,8.069,65.0,0.894,22.7,89.9,-1.01,COVID recovery / stimulus
2021-12-01,2021,12,1.4646,1.5,18.0,10.238,7.64,65.0,1.074,19.79,92.8,-0.93,COVID recovery / stimulus
2022-01-01,2022,1,0.8236,1.5,18.0,11.277,7.256,65.0,0.964,18.91,132.0,13.75,Inflation / rate hike cycle
2022-02-01,2022,2,0.5143,1.5,18.0,12.209,6.968,65.0,0.794,22.19,116.7,19.37,Inflation / rate hike cycle
2022-03-01,2022,3,0.443,1.5,18.0,13.108,6.758,65.0,0.666,20.5,142.3,11.33,Inflation / rate hike cycle
2022-04-01,2022,4,0.3047,1.5,18.0,13.936,6.746,63.64,0.614,20.47,112.4,11.65,Inflation / rate hike cycle
2022-05-01,2022,5,0.0591,1.5,18.0,14.693,6.632,62.39,0.444,22.92,139.4,26.18,Inflation / rate hike cycle
2022-06-01,2022,6,0.0769,1.5,18.0,15.446,6.49,60.1,0.443,24.98,107.2,10.19,Inflation / rate hike cycle
2022-07-01,2022,7,-0.0241,1.5,18.0,16.031,6.514,59.53,0.569,25.22,118.6,23.68,Inflation / rate hike cycle
2022-08-01,2022,8,-0.1432,1.5,18.0,16.684,6.59,56.11,0.438,24.44,130.6,17.22,Inflation / rate hike cycle
2022-09-01,2022,9,0.0843,1.5,18.0,17.259,6.397,56.69,0.444,21.96,120.3,10.02,Inflation / rate hike cycle
2022-10-01,2022,10,-0.1172,1.5,18.0,17.716,6.339,54.22,0.377,20.61,112.8,10.53,Inflation / rate hike cycle
2022-11-01,2022,11,-0.1366,1.5,18.0,18.249,6.526,53.57,0.435,22.08,127.0,15.25,Inflation / rate hike cycle
2022-12-01,2022,12,-0.2455,1.5,18.0,18.705,6.546,53.28,0.533,21.27,138.7,2.2,Inflation / rate hike cycle
2023-01-01,2023,1,0.0392,1.0816,12.979,18.829,6.524,54.14,0.497,17.6,91.1,-1.1,Rates plateau
2023-02-01,2023,2,-0.3157,0.8517,10.22,18.556,6.633,51.69,0.693,17.3,102.5,-1.07,Rates plateau
2023-03-01,2023,3,-0.5535,0.6244,7.493,18.112,6.802,48.49,0.528,18.4,102.3,4.22,Rates plateau
2023-04-01,2023,4,-0.5533,0.2765,3.318,17.366,6.902,47.62,0.528,18.3,102.3,-2.98,Rates plateau
2023-05-01,2023,5,-0.6087,0.1289,1.547,16.435,6.992,47.19,0.63,18.75,119.3,-4.12,Rates plateau
2023-06-01,2023,6,-0.1855,-0.0372,-0.447,15.674,7.173,45.27,0.763,18.24,87.5,2.62,Rates plateau
2023-07-01,2023,7,-0.3505,-0.0872,-1.046,14.71,7.212,46.0,0.776,17.7,104.1,-7.03,Rates plateau
2023-08-01,2023,8,-0.4655,-0.2243,-2.692,13.722,7.307,45.21,0.745,16.59,118.3,-3.49,Rates plateau
2023-09-01,2023,9,-0.3745,-0.3132,-3.759,12.72,7.268,45.55,0.859,18.32,98.4,-2.18,Rates plateau
2023-10-01,2023,10,0.0634,-0.4794,-5.753,11.765,7.194,46.89,0.841,17.54,102.4,1.58,Rates plateau
2023-11-01,2023,11,0.4138,-0.4194,-5.033,11.0,7.043,51.62,0.71,17.36,67.4,2.79,Rates plateau
2023-12-01,2023,12,0.4373,-0.5,-6.0,10.253,6.762,53.34,0.701,19.88,83.1,1.46,Rates plateau
2024-01-01,2024,1,0.488,-0.3628,-4.353,9.64,6.629,54.76,0.9,18.98,76.3,6.74,
2024-02-01,2024,2,0.3202,-0.2668,-3.202,9.028,6.729,57.92,0.899,19.16,80.1,-1.74,
2024-03-01,2024,3,0.2901,-0.2184,-2.621,8.441,6.606,57.94,0.94,18.42,74.6,4.37,
2024-04-01,2024,4,0.3265,-0.0322,-0.387,8.163,6.433,58.8,0.748,21.06,84.1,10.92,
2024-05-01,2024,5,0.1472,-0.1197,-1.437,7.759,6.379,58.32,0.792,19.21,57.7,1.42,
2024-06-01,2024,6,-0.0673,-0.2227,-2.672,7.182,6.398,58.5,0.911,20.73,89.8,1.83,
2024-07-01,2024,7,0.3187,-0.3078,-3.694,6.67,6.224,59.49,0.822,21.02,88.7,4.07,
2024-08-01,2024,8,0.3901,-0.0967,-1.16,6.414,6.124,59.01,0.743,22.76,67.8,3.21,
2024-09-01,2024,9,0.4113,0.0528,0.634,6.232,6.058,59.4,0.709,21.22,95.6,3.66,
2024-10-01,2024,10,0.3304,-0.047,-0.564,5.974,6.007,58.1,0.726,24.31,86.9,3.71,
2024-11-01,2024,11,0.1217,-0.1437,-1.724,5.672,5.917,58.46,0.768,28.25,72.9,1.95,
2024-12-01,2024,12,-0.0157,0.0072,0.086,5.467,5.814,56.67,0.938,28.29,60.3,-1.83,
